data,v20,v11,v02,v00,estado
0,26,9,30,18,inicio
250,25,9,29,18,inicio
501,26,9,28,18,inicio
752,25,9,29,19,inicio
1003,25,9,29,18,inicio
1254,25,9,28,18,inicio
1505,25,9,28,18,inicio
1757,25,9,28,18,inicio
2008,25,9,28,18,inicio
2258,25,9,28,18,inicio
2509,25,9,28,18,inicio
2760,25,9,28,18,inicio
3011,25,9,28,18,inicio
3263,25,9,28,18,inicio
3514,24,9,28,18,inicio
3765,25,9,28,18,inicio
4016,25,9,28,18,inicio
4267,24,9,27,18,inicio
4517,25,9,28,18,inicio
4769,24,9,28,19,inicio
5020,25,9,28,18,inicio
5271,25,9,27,18,inicio
5522,25,9,28,18,inicio
5773,25,9,28,18,inicio
6025,24,9,28,18,inicio
6276,25,9,28,18,inicio
6526,25,9,28,18,inicio
6777,25,9,28,18,inicio
7028,25,9,28,18,inicio
7279,25,9,28,18,inicio
7531,25,9,28,18,inicio
7782,24,9,28,18,inicio
8033,24,9,28,18,inicio
8284,25,9,28,18,inicio
8535,24,9,28,18,inicio
8785,25,9,28,18,inicio
9037,25,9,28,17,inicio
9288,25,9,28,18,inicio
9539,24,9,28,18,inicio
9790,24,9,28,18,inicio
10041,24,9,29,18,inicio
10293,24,9,28,18,inicio
10544,24,9,28,18,inicio
10795,24,9,27,17,inicio
11045,24,9,28,18,inicio
11296,24,9,28,18,inicio
11548,24,9,28,18,inicio
11799,24,9,28,18,inicio
12050,24,9,28,17,inicio
12301,24,9,28,18,inicio
12553,24,9,28,17,inicio
12804,24,9,28,18,inicio
13054,24,9,28,17,inicio
13305,24,9,29,18,inicio
13556,24,9,28,17,inicio
13808,24,9,28,17,inicio
14059,24,9,28,17,inicio
14310,24,9,28,17,inicio
14561,24,8,28,18,inicio
14813,24,9,28,17,inicio
15064,24,9,28,17,inicio
15314,23,9,29,18,inicio
15565,24,9,29,17,inicio
15816,24,9,28,17,inicio
16068,23,9,29,17,inicio
16319,23,8,28,18,inicio
16570,23,9,28,17,inicio
16821,23,9,29,17,inicio
17073,23,8,29,18,inicio
17324,23,8,28,17,inicio
17574,23,9,29,17,inicio
17825,24,9,29,17,inicio
18076,23,9,29,17,inicio
18328,23,9,29,17,inicio
18579,23,9,29,18,inicio
18830,23,9,29,17,inicio
19081,23,9,29,18,inicio
19332,23,9,29,17,inicio
19584,23,9,29,17,inicio
19834,23,9,29,17,inicio
20085,23,8,28,17,inicio
20336,23,9,29,17,inicio
20588,23,9,28,18,inicio
20839,24,9,30,18,inicio
21090,23,9,29,17,inicio
21341,23,9,29,16,inicio
21592,23,9,29,17,inicio
21843,23,9,30,17,inicio
22094,23,9,29,17,inicio
22345,23,9,30,17,inicio
22596,23,8,29,17,inicio
22848,23,9,30,18,inicio
23099,23,9,30,17,inicio
23350,23,9,29,17,inicio
23601,23,9,30,17,inicio
23852,23,9,30,17,inicio
24103,23,9,30,18,inicio
24354,23,9,30,17,inicio
24605,22,9,30,17,inicio
24856,23,9,29,17,inicio
25108,23,9,29,17,inicio
25359,23,9,29,17,inicio
25610,23,9,29,17,inicio
25861,23,9,29,17,inicio
26112,23,9,29,17,inicio
26363,23,9,29,17,inicio
26614,22,8,29,17,inicio
26865,23,9,29,17,inicio
27116,23,9,29,17,inicio
27368,22,8,28,17,inicio
27619,22,9,29,17,inicio
27870,22,9,28,17,inicio
28121,23,9,28,17,inicio
28371,22,9,28,17,inicio
28623,22,9,28,17,inicio
28874,22,9,28,17,inicio
29125,22,8,28,17,inicio
29376,22,9,28,17,inicio
29627,22,9,28,17,inicio
29879,22,9,27,16,inicio
30130,22,9,28,17,inicio
30381,22,9,28,17,inicio
30631,22,9,27,17,inicio
30883,22,9,27,16,inicio
31134,22,9,27,17,inicio
31385,22,9,27,17,inicio
31636,22,9,27,17,inicio
31887,22,9,26,17,inicio
32139,22,8,27,17,inicio
32390,22,8,26,17,inicio
32641,23,9,27,17,inicio
32891,22,9,26,17,inicio
33143,22,8,26,17,inicio
33394,22,9,26,16,inicio
33645,22,9,26,16,inicio
33896,22,9,26,16,inicio
34147,22,9,26,16,inicio
34399,22,9,26,17,inicio
34650,22,9,26,16,inicio
34900,22,9,26,17,inicio
35151,22,9,26,16,inicio
35403,22,9,26,18,inicio
35654,22,9,26,16,inicio
35905,22,9,25,16,inicio
36156,22,9,25,16,inicio
36407,22,9,25,16,inicio
36659,22,9,25,16,inicio
36910,22,8,25,16,inicio
37160,22,9,25,16,inicio
37411,22,9,25,16,inicio
37662,22,9,25,16,base
37914,21,9,26,17,base
38165,22,9,25,16,base
38416,22,8,25,17,base
38667,21,8,25,17,base
38919,22,9,25,16,base
39170,22,9,25,16,base
39420,21,9,25,16,base
39671,21,9,25,16,base
39922,22,9,25,16,base
40174,22,9,25,16,base
40425,22,8,25,16,base
40676,22,8,24,16,base
40927,21,8,25,16,base
41179,22,9,25,16,base
41430,21,8,25,16,base
41680,21,9,25,16,base
41931,21,9,25,16,base
42182,21,9,26,16,base
42434,21,9,25,16,base
42685,21,9,26,16,base
42936,21,9,26,16,base
43187,21,9,26,17,base
43439,22,9,26,17,base
43689,21,9,26,16,base
43940,22,9,26,16,base
44191,21,9,27,16,base
44442,21,9,26,16,base
44694,21,8,26,16,base
44945,21,9,26,16,base
45196,21,9,27,16,base
45447,21,9,27,16,base
45699,21,9,27,16,base
45949,21,8,27,16,base
46200,21,9,27,17,base
46451,21,9,27,16,base
46702,21,9,27,16,base
46954,21,9,27,16,base
47205,21,8,27,17,base
47456,21,9,27,16,base
47707,21,9,27,16,base
47958,21,9,27,16,base
48209,21,9,27,16,base
48460,21,9,27,16,base
48711,21,9,27,16,base
48962,21,8,27,16,base
49214,21,9,27,16,base
49465,21,8,27,16,base
49716,21,9,27,16,base
49967,21,9,27,16,base
50217,22,9,27,17,base
50469,21,9,27,16,base
50720,21,9,27,16,base
50971,21,9,27,16,base
51222,21,8,27,16,base
51474,21,9,27,16,base
51725,21,9,27,17,base
51976,21,8,26,16,base
52227,21,8,27,16,base
52477,21,8,26,16,base
52729,20,8,27,17,base
52980,21,9,27,16,base
53231,21,8,27,16,base
53482,21,8,26,16,base
53734,20,8,27,17,base
53985,21,9,27,16,base
54236,21,8,26,16,base
54487,21,9,27,16,base
54737,21,9,27,16,base
54989,21,9,26,16,base
55240,21,9,27,16,base
55491,20,8,27,16,base
55742,21,9,26,16,base
55994,21,9,27,16,base
56245,19,8,26,16,base
56496,21,9,26,16,base
56747,21,7,26,16,base
56997,21,9,27,16,base
57249,21,9,26,16,base
57500,21,8,26,16,base
57751,21,8,26,16,base
58002,21,9,26,16,base
58254,20,8,27,17,base
58505,21,8,26,16,base
58756,21,9,27,16,base
59006,21,9,27,16,base
59257,21,9,27,16,base
59509,21,9,27,16,base
59760,21,9,27,16,base
60011,20,8,27,17,base
60262,21,9,27,16,base
60514,21,9,27,16,base
60765,21,9,27,16,base
61016,20,9,27,16,base
61266,21,9,27,16,base
61517,20,9,27,16,base
61769,20,9,27,16,base
62020,20,8,27,16,base
62271,21,8,27,16,base
62522,21,9,27,16,base
62774,21,8,27,16,base
63025,21,9,27,16,base
63276,20,9,27,17,base
63526,21,9,27,16,base
63777,20,9,27,16,base
64029,20,9,27,16,base
64280,21,8,27,15,base
64531,22,9,27,16,base
64782,21,8,27,16,base
65034,20,8,27,16,base
65285,20,8,27,16,base
65536,20,9,27,16,base
65786,20,8,26,16,base
66037,20,8,26,16,base
66289,20,8,27,16,base
66540,20,9,27,16,base
66791,20,8,26,16,base
67042,20,9,26,15,base
67293,20,9,26,16,base
67545,20,8,26,16,base
67795,20,8,26,16,base
68046,20,8,26,16,base
68297,21,9,26,16,base
68549,20,9,26,16,base
68800,20,8,26,16,base
69051,20,8,26,16,medicion
69302,20,9,26,16,medicion
69553,20,8,26,16,medicion
69805,20,8,25,15,medicion
70055,20,9,26,16,medicion
70306,20,8,25,16,medicion
70557,21,8,26,16,medicion
70809,21,9,27,16,medicion
71060,21,9,27,16,medicion
71311,22,9,30,18,medicion
71562,22,9,36,24,medicion
71813,24,11,44,29,medicion
72065,24,11,52,32,medicion
72315,24,12,61,35,medicion
72566,24,11,70,37,medicion
72817,25,12,79,38,medicion
73069,25,12,84,38,medicion
73320,26,11,88,38,medicion
73571,26,12,91,39,medicion
73823,26,12,93,39,medicion
74074,27,12,95,40,medicion
74324,27,12,97,41,medicion
74575,27,12,100,43,medicion
74827,27,12,102,44,medicion
75078,28,12,107,47,medicion
75329,28,12,115,49,medicion
75581,29,12,128,53,medicion
75832,28,13,144,57,medicion
76083,28,14,162,63,medicion
76334,29,15,178,65,medicion
76585,29,16,191,67,medicion
76836,29,18,202,69,medicion
77087,30,19,212,71,medicion
77339,30,19,218,72,medicion
77590,30,19,221,73,medicion
77841,30,19,223,73,medicion
78093,29,18,224,73,medicion
78344,29,18,225,72,medicion
78595,30,18,225,72,medicion
78846,29,17,225,72,medicion
79097,30,17,225,71,medicion
79348,30,17,224,70,medicion
79599,30,17,225,70,medicion
79851,34,18,227,70,medicion
80102,47,22,231,74,medicion
80353,59,25,241,79,medicion
80605,69,29,255,83,medicion
80856,77,34,268,87,medicion
81106,84,37,280,89,medicion
81358,91,40,289,90,medicion
81609,98,42,296,91,medicion
81860,105,46,304,91,medicion
82112,112,49,312,91,medicion
82363,120,52,319,91,medicion
82614,130,55,324,91,medicion
82866,139,58,327,92,medicion
83117,148,60,330,94,medicion
83367,157,63,333,96,medicion
83619,166,65,335,98,medicion
83870,174,66,337,100,medicion
84121,183,67,339,102,medicion
84373,190,69,341,104,medicion
84624,196,70,343,106,medicion
84876,202,71,345,108,medicion
85127,207,71,347,109,medicion
85378,210,71,349,110,medicion
85629,214,72,351,111,medicion
85880,216,71,352,113,medicion
86132,219,71,353,114,medicion
86383,221,70,354,116,medicion
86634,223,70,355,118,medicion
86886,225,70,355,119,medicion
87137,227,70,356,121,medicion
87389,229,69,357,123,medicion
87640,230,69,358,124,medicion
87890,232,69,359,126,medicion
88142,233,68,359,128,medicion
88393,234,68,360,130,medicion
88645,236,67,361,132,medicion
88896,235,66,362,135,medicion
89147,234,66,364,137,medicion
89399,234,65,365,140,medicion
89650,232,64,367,143,medicion
89901,231,63,368,145,medicion
90152,230,62,369,147,medicion
90403,229,61,370,149,medicion
90655,226,58,371,151,medicion
90906,224,58,372,153,medicion
91157,221,57,372,154,medicion
91409,218,54,373,156,medicion
91660,216,53,373,157,medicion
91912,213,51,373,159,medicion
92163,211,50,374,160,medicion
92413,210,49,374,160,medicion
92665,209,48,374,162,medicion
92916,208,47,374,164,medicion
93168,208,46,374,165,medicion
93419,208,46,374,166,medicion
93670,208,46,374,166,medicion
93922,207,45,373,167,medicion
94173,206,45,373,168,medicion
94425,206,43,372,168,medicion
94675,206,43,372,169,medicion
94926,205,43,372,170,medicion
95178,206,44,372,171,medicion
95429,207,44,373,173,medicion
95681,208,44,374,175,medicion
95932,210,44,376,177,medicion
96183,212,45,379,179,medicion
96435,215,46,381,181,medicion
96686,217,47,383,183,medicion
96937,219,48,385,184,medicion
97188,220,48,386,186,medicion
97439,222,49,387,187,medicion
97691,223,50,388,188,medicion
97942,224,50,388,188,medicion
98194,224,50,388,188,medicion
98445,225,50,388,189,medicion
98696,225,51,388,188,medicion
98948,225,51,388,188,medicion
99198,224,50,388,187,medicion
99449,223,51,387,187,medicion
99701,221,50,386,184,medicion
99952,219,50,385,182,medicion
100204,215,49,384,179,medicion
100455,211,47,382,176,medicion
100707,205,46,381,173,medicion
100958,199,44,378,170,medicion
101209,192,42,376,166,medicion
101460,186,39,373,163,medicion
101711,180,38,371,160,medicion
101963,175,36,369,157,medicion
102214,170,35,367,153,medicion
102466,166,34,364,150,medicion
102717,161,33,362,147,medicion
102968,160,33,361,145,medicion
103220,158,33,359,142,medicion
103471,156,33,359,141,medicion
103723,155,34,362,140,medicion
103973,156,37,366,140,medicion
104225,157,40,370,141,medicion
104476,158,42,375,143,medicion
104728,160,44,380,147,medicion
104979,162,44,385,151,medicion
105230,166,47,390,155,medicion
105482,171,50,395,160,medicion
105733,176,52,399,164,medicion
105985,182,53,402,168,medicion
106235,189,56,405,172,medicion
106487,197,58,409,175,medicion
106738,204,59,411,177,medicion
106989,210,60,414,179,medicion
107241,216,62,417,181,medicion
107492,220,63,420,183,medicion
107744,224,65,423,185,medicion
107995,228,66,426,187,medicion
108247,233,67,429,190,medicion
108497,238,69,433,193,medicion
108749,242,70,436,197,medicion
109000,246,71,440,200,medicion
109251,250,73,444,204,medicion
109503,254,74,447,209,medicion
109754,258,75,449,212,medicion
110006,262,75,451,216,medicion
110257,266,75,452,219,medicion
110509,270,76,454,223,medicion
110759,274,77,456,226,medicion
111010,277,77,458,230,medicion
111262,281,78,460,233,medicion
111513,284,79,461,236,medicion
111765,287,79,462,239,medicion
112016,290,81,463,242,medicion
112268,293,81,464,245,medicion
112519,296,82,465,248,medicion
112771,298,83,466,250,medicion
113021,300,84,467,253,medicion
113272,302,84,468,254,medicion
113524,303,85,468,255,medicion
113775,304,86,469,256,medicion
114027,305,85,470,258,medicion
114278,306,85,470,259,medicion
114530,306,85,471,261,medicion
114781,307,85,472,263,medicion
115032,307,84,472,264,medicion
115283,308,85,473,265,medicion
115534,308,84,473,266,medicion
115786,308,85,474,267,medicion
116037,308,85,474,266,medicion
116289,308,85,474,266,medicion
116540,308,85,474,266,medicion
116792,308,85,474,266,medicion
117043,308,85,474,267,medicion
117294,307,84,474,268,medicion
117545,307,85,474,268,medicion
117796,306,84,475,267,medicion
118048,306,85,475,267,medicion
118299,306,85,476,266,medicion
118551,305,85,477,265,medicion
118802,305,85,477,264,medicion
119053,304,85,478,263,medicion
119305,304,85,479,263,medicion
119556,303,85,480,262,medicion
119808,301,85,481,262,medicion
120058,300,84,482,262,medicion
120310,299,84,483,262,medicion
120561,297,84,485,262,medicion
120812,296,83,486,263,medicion
121064,294,83,487,263,medicion
121315,293,82,488,263,medicion
121567,292,82,488,263,medicion
121818,290,81,488,263,medicion
122070,288,82,489,263,medicion
122320,287,81,489,262,medicion
122572,286,81,488,260,medicion
122823,285,81,488,257,medicion
123074,284,81,487,255,medicion
123326,282,81,486,252,medicion
123577,281,81,486,249,medicion
123829,279,81,486,247,medicion
124080,277,81,486,245,medicion
124332,275,80,486,243,medicion
124582,274,80,487,242,medicion
124833,272,80,489,241,medicion
125085,271,80,490,240,medicion
125336,269,81,491,240,medicion
125588,268,80,492,240,medicion
125839,267,80,493,238,medicion
126091,266,80,493,237,medicion
126342,265,79,493,234,medicion
126594,264,79,494,233,medicion
126844,263,79,494,231,medicion
127095,261,78,494,229,medicion
127347,261,79,494,228,medicion
127598,260,78,495,227,medicion
127850,260,78,496,227,medicion
128101,260,78,496,226,medicion
128353,260,78,497,226,medicion
128604,260,78,497,226,medicion
128855,259,78,498,227,medicion
129106,259,78,498,227,medicion
129357,258,77,498,227,medicion
129609,257,77,500,228,medicion
129860,256,77,500,228,medicion
130112,255,76,501,229,medicion
130363,254,76,502,230,medicion
130615,253,75,503,231,medicion
130866,252,74,503,231,medicion
131117,251,73,504,232,medicion
131368,250,73,504,233,medicion
131619,250,73,505,235,medicion
131871,250,72,505,235,medicion
132122,250,71,506,236,medicion
132374,251,72,506,237,medicion
132625,251,72,506,238,medicion
132876,253,72,505,238,medicion
133128,254,71,504,238,medicion
133379,256,72,502,238,medicion
133630,258,71,501,237,medicion
133881,260,71,500,237,medicion
134133,262,70,498,236,medicion
134384,265,70,497,236,medicion
134636,267,69,496,235,medicion
134887,270,68,494,236,medicion
135138,272,68,493,236,medicion
135390,272,68,492,235,medicion
135641,272,68,491,233,medicion
